Customer_ID,Gender,Age,Married,State,Number_of_Referrals,Tenure_in_Months,Value_Deal,Phone_Service,Multiple_Lines,Internet_Service,Internet_Type,Online_Security,Online_Backup,Device_Protection_Plan,Premium_Support,Streaming_TV,Streaming_Movies,Streaming_Music,Unlimited_Data,Contract,Paperless_Billing,Payment_Method,Monthly_Charge,Total_Charges,Total_Refunds,Total_Extra_Data_Charges,Total_Long_Distance_Charges,Total_Revenue,Customer_Status,Churn_Category,Churn_Reason,Customer_Status_Predicted
25063-WES,Male,51,No,West Bengal,4,35,Deal 5,Yes,No,Yes,Fiber Optic,No,No,Yes,No,No,No,No,Yes,Month-to-Month,Yes,Bank Withdrawal,73.9,280.85,0.0,0,134.6,415.45,Churned,Competitor,Competitor had better devices,1.0
59787-KAR,Male,79,No,Karnataka,3,21,Deal 4,Yes,No,Yes,Fiber Optic,No,Yes,Yes,No,Yes,Yes,No,Yes,Month-to-Month,Yes,Bank Withdrawal,98.0,1237.85,0.0,0,361.66,1599.51,Churned,Dissatisfaction,Product dissatisfaction,1.0
28544-TAM,Female,80,No,Tamil Nadu,3,8,,Yes,No,Yes,Fiber Optic,No,No,No,Yes,Yes,No,No,Yes,Month-to-Month,Yes,Credit Card,83.9,267.4,0.0,0,22.14,289.54,Churned,Dissatisfaction,Network reliability,1.0
93520-GUJ,Female,67,No,Gujarat,13,19,Deal 5,Yes,Yes,Yes,Fiber Optic,No,No,No,No,No,No,No,Yes,One Year,Yes,Bank Withdrawal,72.1,72.1,0.0,0,7.77,79.87,Joined,,,1.0
73360-AND,Female,74,No,Andhra Pradesh,0,30,,Yes,No,Yes,DSL,Yes,No,Yes,No,No,Yes,No,Yes,One Year,No,Credit Card,62.7,2791.5,0.0,0,480.15,3271.65,Churned,Dissatisfaction,Limited range of services,1.0
36756-MAD,Male,64,Yes,Madhya Pradesh,15,33,,No,,Yes,Cable,No,No,No,No,No,No,No,Yes,Month-to-Month,Yes,Bank Withdrawal,25.1,25.1,0.0,0,0.0,25.1,Churned,Competitor,Competitor made better offer,1.0
87346-MAD,Female,29,Yes,Madhya Pradesh,12,20,,Yes,Yes,Yes,Fiber Optic,No,Yes,Yes,No,Yes,No,No,Yes,Month-to-Month,No,Bank Withdrawal,94.1,1215.6,0.0,0,566.28,1781.88,Churned,Other,Don't know,1.0
57256-BIH,Female,18,No,Bihar,9,7,,Yes,No,No,,,,,,,,,,Month-to-Month,No,Credit Card,19.85,57.2,0.0,0,9.36,66.56,Joined,,,1.0
65431-CHH,Female,31,No,Chhattisgarh,12,24,Deal 5,Yes,No,No,,,,,,,,,,Month-to-Month,No,Credit Card,20.35,76.35,0.0,0,49.72,126.07,Churned,Price,Long distance charges,1.0
13829-PUN,Female,34,Yes,Punjab,12,26,,No,,Yes,DSL,Yes,No,No,No,No,No,No,Yes,Month-to-Month,No,Bank Withdrawal,30.5,30.5,0.0,0,0.0,30.5,Churned,Attitude,Attitude of service provider,1.0
73036-JAM,Female,66,Yes,Jammu & Kashmir,10,21,,Yes,No,Yes,DSL,Yes,No,No,No,No,No,No,Yes,Month-to-Month,Yes,Bank Withdrawal,49.25,91.1,0.0,0,87.98,179.08,Churned,Competitor,Competitor made better offer,1.0
72357-MAD,Female,53,No,Madhya Pradesh,14,12,Deal 5,Yes,No,Yes,DSL,No,No,No,No,No,No,No,Yes,Month-to-Month,Yes,Credit Card,44.3,44.3,0.0,0,42.95,87.25,Joined,,,1.0
36405-CHH,Male,47,No,Chhattisgarh,9,26,,Yes,Yes,Yes,Fiber Optic,No,Yes,Yes,No,Yes,Yes,Yes,Yes,Month-to-Month,Yes,Credit Card,104.5,4036.85,0.0,0,1507.6,5544.45,Churned,Competitor,Competitor had better devices,1.0
22439-RAJ,Female,73,Yes,Rajasthan,4,1,Deal 4,Yes,No,Yes,Fiber Optic,No,Yes,No,No,Yes,Yes,No,No,Month-to-Month,Yes,Bank Withdrawal,95.0,1120.3,0.0,120,127.49,1367.79,Churned,Dissatisfaction,Product dissatisfaction,1.0
69173-TAM,Male,27,No,Tamil Nadu,9,27,Deal 5,Yes,No,No,,,,,,,,,,Month-to-Month,Yes,Bank Withdrawal,19.85,19.85,0.0,0,31.77,51.62,Churned,Attitude,Attitude of support person,1.0
22286-HAR,Female,54,Yes,Haryana,6,36,,Yes,Yes,Yes,Fiber Optic,No,No,Yes,No,Yes,Yes,Yes,Yes,Month-to-Month,Yes,Bank Withdrawal,99.75,99.75,0.0,0,40.71,140.46,Churned,Competitor,Competitor had better devices,1.0
25964-HAR,Male,66,Yes,Haryana,10,1,Deal 2,Yes,Yes,Yes,Cable,Yes,No,Yes,Yes,Yes,Yes,Yes,Yes,One Year,No,Bank Withdrawal,84.35,4059.35,0.0,0,1937.95,5997.3,Churned,Competitor,Competitor offered higher download speeds,1.0
31698-PUN,Female,20,Yes,Punjab,15,1,,Yes,Yes,Yes,Fiber Optic,No,Yes,Yes,Yes,Yes,Yes,Yes,No,Month-to-Month,Yes,Bank Withdrawal,111.2,2317.1,0.0,120,761.46,3198.56,Churned,Attitude,Attitude of service provider,1.0
76182-UTT,Male,47,No,Uttar Pradesh,7,10,,No,,Yes,DSL,Yes,Yes,Yes,No,No,No,No,Yes,Month-to-Month,No,Bank Withdrawal,40.2,1448.8,0.0,0,0.0,1448.8,Churned,Competitor,Competitor offered more data,1.0
69444-JAM,Female,31,Yes,Jammu & Kashmir,5,10,,Yes,Yes,Yes,Fiber Optic,No,No,No,No,No,No,Yes,Yes,Month-to-Month,Yes,Bank Withdrawal,73.85,511.25,13.03,0,200.34,698.56,Churned,Competitor,Competitor made better offer,1.0
66612-TEL,Female,38,Yes,Telangana,8,27,Deal 4,Yes,No,Yes,Fiber Optic,No,No,Yes,Yes,Yes,Yes,Yes,Yes,Month-to-Month,Yes,Bank Withdrawal,101.35,1553.95,0.0,0,688.8,2242.75,Churned,Attitude,Attitude of service provider,1.0
93739-UTT,Female,44,No,Uttar Pradesh,14,6,,Yes,No,Yes,Fiber Optic,Yes,Yes,No,Yes,No,No,No,Yes,Month-to-Month,Yes,Bank Withdrawal,86.25,181.65,0.0,0,73.62,255.27,Churned,Competitor,Competitor offered higher download speeds,1.0
19096-WES,Female,58,Yes,West Bengal,14,28,Deal 4,Yes,Yes,Yes,Fiber Optic,No,Yes,No,No,Yes,No,No,Yes,Month-to-Month,Yes,Bank Withdrawal,89.75,1052.4,0.0,0,172.56,1224.96,Churned,Attitude,Attitude of support person,1.0
46624-WES,Female,26,Yes,West Bengal,13,27,Deal 5,Yes,Yes,Yes,Fiber Optic,No,Yes,No,No,No,No,No,Yes,Month-to-Month,Yes,Mailed Check,80.2,80.2,0.0,0,1.23,81.43,Churned,Price,Lack of affordable download/upload speed,1.0
14078-MAH,Female,28,Yes,Maharashtra,6,18,Deal 5,Yes,No,No,,,,,,,,,,Month-to-Month,No,Credit Card,19.85,63.75,0.0,0,77.25,141.0,Churned,Price,Long distance charges,1.0
91027-CHH,Male,42,No,Chhattisgarh,4,20,,Yes,Yes,Yes,Fiber Optic,No,No,No,No,Yes,Yes,Yes,Yes,Month-to-Month,Yes,Bank Withdrawal,94.7,2362.1,0.0,0,872.0,3234.1,Churned,Competitor,Competitor had better devices,1.0
85993-KAR,Female,42,Yes,Karnataka,11,1,Deal 5,Yes,No,Yes,Fiber Optic,No,No,No,No,No,No,No,Yes,Month-to-Month,No,Mailed Check,70.9,70.9,0.0,0,39.81,110.71,Churned,Competitor,Competitor had better devices,1.0
12999-BIH,Female,52,No,Bihar,5,34,Deal 4,Yes,No,Yes,DSL,Yes,No,No,Yes,No,No,No,Yes,Month-to-Month,Yes,Bank Withdrawal,54.2,1152.7,0.0,0,599.28,1751.98,Churned,Attitude,Attitude of service provider,1.0
66612-KAR,Female,58,Yes,Karnataka,11,18,,Yes,No,No,,,,,,,,,,Month-to-Month,No,Credit Card,19.95,58.0,0.0,0,8.07,66.07,Joined,,,1.0
22119-WES,Male,31,Yes,West Bengal,5,5,,Yes,No,No,,,,,,,,,,Month-to-Month,No,Credit Card,20.05,33.7,0.0,0,3.62,37.32,Joined,,,1.0
21811-CHH,Male,29,No,Chhattisgarh,13,7,Deal 4,Yes,Yes,Yes,Fiber Optic,No,No,No,No,No,Yes,Yes,No,Month-to-Month,Yes,Bank Withdrawal,85.25,855.3,0.0,100,20.2,975.5,Churned,Competitor,Competitor offered more data,1.0
32681-MAH,Female,83,Yes,Maharashtra,3,1,,Yes,Yes,Yes,Fiber Optic,No,No,No,No,No,Yes,No,Yes,Month-to-Month,Yes,Bank Withdrawal,84.35,474.9,0.0,0,172.26,647.16,Churned,Other,Deceased,1.0
53535-ASS,Female,28,No,Assam,11,10,Deal 1,Yes,Yes,Yes,Fiber Optic,Yes,Yes,Yes,Yes,Yes,Yes,Yes,Yes,One Year,No,Credit Card,115.55,8127.6,0.0,0,714.7,8842.3,Churned,Dissatisfaction,Network reliability,1.0
39219-KAR,Female,58,Yes,Karnataka,6,35,Deal 3,Yes,Yes,No,,,,,,,,,,One Year,No,Bank Withdrawal,25.3,676.35,0.0,0,139.25,815.6,Churned,Price,Long distance charges,1.0
47612-AND,Female,58,Yes,Andhra Pradesh,10,35,,Yes,No,Yes,Fiber Optic,Yes,No,Yes,Yes,Yes,Yes,Yes,Yes,Month-to-Month,No,Bank Withdrawal,105.1,1582.75,0.0,0,335.85,1918.6,Churned,Competitor,Competitor made better offer,1.0
62148-JAM,Male,21,Yes,Jammu & Kashmir,1,1,Deal 5,Yes,Yes,Yes,Fiber Optic,No,Yes,Yes,No,No,No,Yes,Yes,Month-to-Month,Yes,Bank Withdrawal,84.8,371.9,0.0,0,115.08,486.98,Churned,Competitor,Competitor made better offer,1.0
31049-TAM,Female,61,No,Tamil Nadu,7,8,Deal 5,Yes,No,Yes,Fiber Optic,No,No,Yes,No,No,Yes,Yes,Yes,Month-to-Month,Yes,Bank Withdrawal,85.85,167.3,0.0,0,28.28,195.58,Churned,Competitor,Competitor made better offer,1.0
74023-JAM,Female,20,Yes,Jammu & Kashmir,6,11,,Yes,Yes,Yes,Cable,No,No,No,No,No,No,Yes,Yes,Month-to-Month,No,Bank Withdrawal,47.15,223.15,0.0,0,110.05,333.2,Churned,Competitor,Competitor made better offer,1.0
79168-UTT,Female,78,No,Uttar Pradesh,2,10,Deal 5,Yes,No,Yes,Cable,No,No,No,No,No,No,No,Yes,One Year,Yes,Bank Withdrawal,44.3,89.3,0.0,0,47.82,137.12,Joined,,,1.0
66712-GUJ,Female,47,Yes,Gujarat,6,33,Deal 5,Yes,No,Yes,Fiber Optic,No,Yes,No,No,No,Yes,Yes,Yes,Month-to-Month,No,Bank Withdrawal,84.3,235.05,0.0,0,41.16,276.21,Joined,,,1.0
32554-DEL,Male,28,No,Delhi,0,21,,Yes,No,Yes,Fiber Optic,No,No,No,Yes,No,No,No,Yes,Month-to-Month,Yes,Bank Withdrawal,75.9,75.9,0.0,0,44.56,120.46,Churned,Competitor,Competitor made better offer,1.0
65631-RAJ,Female,50,No,Rajasthan,15,7,Deal 5,Yes,No,Yes,Fiber Optic,No,No,Yes,No,Yes,No,No,Yes,Month-to-Month,Yes,Credit Card,85.55,85.55,0.0,0,33.34,118.89,Churned,Other,Moved,1.0
86508-UTT,Male,50,No,Uttar Pradesh,8,7,,Yes,Yes,Yes,Fiber Optic,No,No,No,No,Yes,Yes,Yes,Yes,Month-to-Month,Yes,Bank Withdrawal,93.35,1444.65,0.0,0,733.95,2178.6,Churned,Competitor,Competitor had better devices,1.0
53815-BIH,Female,36,No,Bihar,2,4,,Yes,No,No,,,,,,,,,,Month-to-Month,No,Credit Card,19.7,19.7,0.0,0,34.28,53.98,Joined,,,1.0
34110-MAH,Female,20,Yes,Maharashtra,6,3,,Yes,Yes,Yes,Cable,No,No,No,No,No,No,No,Yes,Month-to-Month,Yes,Bank Withdrawal,50.1,50.1,0.0,0,29.13,79.23,Joined,,,1.0
81184-BIH,Male,60,No,Bihar,9,36,Deal 3,Yes,No,Yes,Fiber Optic,No,No,No,No,No,Yes,Yes,Yes,Month-to-Month,Yes,Bank Withdrawal,81.05,2227.1,0.0,0,471.8,2698.9,Churned,Competitor,Competitor had better devices,1.0
73571-DEL,Male,77,No,Delhi,14,20,,Yes,No,Yes,Cable,Yes,No,No,No,No,No,No,Yes,Month-to-Month,Yes,Bank Withdrawal,75.2,1929.35,0.0,0,189.54,2118.89,Churned,Attitude,Attitude of support person,1.0
12056-WES,Male,27,No,West Bengal,2,20,,Yes,No,Yes,Fiber Optic,No,Yes,Yes,No,No,Yes,Yes,Yes,Month-to-Month,No,Bank Withdrawal,90.4,268.45,0.0,0,94.44,362.89,Joined,,,1.0
73101-JAM,Male,21,Yes,Jammu & Kashmir,4,3,Deal 5,Yes,Yes,Yes,Cable,No,No,No,No,Yes,No,Yes,Yes,Month-to-Month,Yes,Bank Withdrawal,85.65,181.5,0.0,0,80.86,262.36,Churned,Competitor,Competitor made better offer,1.0
84766-UTT,Female,53,No,Uttar Pradesh,9,2,,Yes,No,Yes,Cable,No,No,Yes,Yes,Yes,Yes,Yes,Yes,Month-to-Month,Yes,Credit Card,72.9,651.4,0.0,0,319.41,970.81,Churned,Competitor,Competitor made better offer,1.0
57610-JAM,Female,79,No,Jammu & Kashmir,2,24,Deal 3,Yes,Yes,Yes,Fiber Optic,No,No,No,No,No,No,No,Yes,Month-to-Month,Yes,Bank Withdrawal,74.9,2303.35,0.0,0,1514.88,3818.23,Churned,Attitude,Attitude of support person,1.0
57568-KER,Female,39,No,Kerala,14,15,Deal 5,Yes,No,No,,,,,,,,,,Month-to-Month,No,Bank Withdrawal,19.75,58.85,0.0,0,73.89,132.74,Churned,Attitude,Attitude of support person,1.0
78121-MAH,Male,33,Yes,Maharashtra,0,17,Deal 5,Yes,No,No,,,,,,,,,,Month-to-Month,No,Credit Card,21.05,113.85,0.0,0,171.3,285.15,Churned,Attitude,Attitude of support person,1.0
99322-HAR,Female,34,Yes,Haryana,11,10,,Yes,Yes,Yes,Fiber Optic,No,Yes,Yes,No,Yes,Yes,Yes,Yes,Month-to-Month,Yes,Bank Withdrawal,103.7,5036.3,0.0,0,2172.17,7208.47,Churned,Competitor,Competitor had better devices,1.0
84842-KER,Female,61,Yes,Kerala,9,20,,Yes,Yes,Yes,Fiber Optic,No,No,No,No,Yes,Yes,Yes,Yes,Month-to-Month,Yes,Bank Withdrawal,95.45,95.45,0.0,0,5.59,101.04,Churned,Competitor,Competitor had better devices,1.0
67882-JAM,Female,43,Yes,Jammu & Kashmir,2,8,,Yes,No,Yes,Fiber Optic,No,Yes,Yes,No,Yes,Yes,Yes,Yes,Month-to-Month,No,Bank Withdrawal,101.15,842.9,0.0,0,135.04,977.94,Churned,Competitor,Competitor made better offer,1.0
46172-ASS,Male,60,Yes,Assam,1,20,,Yes,No,Yes,Fiber Optic,No,No,No,Yes,Yes,Yes,Yes,Yes,Month-to-Month,Yes,Bank Withdrawal,96.1,453.4,0.0,0,155.45,608.85,Churned,Competitor,Competitor made better offer,1.0
43887-MAH,Female,62,Yes,Maharashtra,4,27,,Yes,Yes,Yes,Fiber Optic,No,Yes,No,No,Yes,Yes,Yes,Yes,Month-to-Month,Yes,Bank Withdrawal,99.15,6010.05,0.0,0,3009.13,9019.18,Churned,Dissatisfaction,Service dissatisfaction,1.0
75305-KAR,Male,57,No,Karnataka,9,28,,Yes,No,Yes,Fiber Optic,No,No,Yes,No,No,Yes,Yes,Yes,Month-to-Month,No,Bank Withdrawal,84.8,888.75,0.0,0,336.27,1225.02,Stayed,,,1.0
44755-JHA,Female,28,Yes,Jharkhand,9,19,,Yes,No,Yes,Fiber Optic,No,No,No,No,Yes,No,Yes,No,Month-to-Month,Yes,Bank Withdrawal,80.55,80.55,0.0,0,43.67,124.22,Churned,Competitor,Competitor had better devices,1.0
82129-JHA,Female,26,No,Jharkhand,9,8,Deal 5,Yes,No,Yes,DSL,No,Yes,No,No,Yes,No,No,Yes,Month-to-Month,Yes,Credit Card,58.7,168.6,0.0,0,34.41,203.01,Joined,,,1.0
56933-MAH,Female,26,No,Maharashtra,6,32,,Yes,No,Yes,Fiber Optic,Yes,No,No,Yes,Yes,Yes,Yes,Yes,Month-to-Month,Yes,Bank Withdrawal,99.85,2331.3,0.0,0,872.85,3204.15,Churned,Other,Don't know,1.0
68194-UTT,Female,60,No,Uttar Pradesh,0,23,,Yes,No,Yes,DSL,No,No,No,No,No,No,No,Yes,Month-to-Month,No,Bank Withdrawal,45.35,89.5,0.0,0,50.98,140.48,Churned,Competitor,Competitor had better devices,1.0
18228-AND,Female,32,Yes,Andhra Pradesh,6,21,,Yes,No,Yes,DSL,Yes,No,No,No,No,No,No,Yes,Month-to-Month,Yes,Credit Card,48.55,48.55,0.0,0,11.35,59.9,Churned,Attitude,Attitude of support person,1.0
13542-UTT,Male,71,Yes,Uttar Pradesh,11,20,,Yes,Yes,Yes,Cable,No,Yes,No,No,Yes,Yes,Yes,Yes,Month-to-Month,Yes,Bank Withdrawal,100.2,6851.65,0.0,0,1450.44,8302.09,Churned,Competitor,Competitor offered more data,1.0
37338-RAJ,Male,48,Yes,Rajasthan,7,9,,Yes,No,Yes,Fiber Optic,No,No,Yes,No,Yes,Yes,Yes,No,Month-to-Month,Yes,Bank Withdrawal,94.7,740.3,0.0,80,155.92,976.22,Churned,Competitor,Competitor offered more data,1.0
29172-BIH,Female,39,Yes,Bihar,15,34,,Yes,No,Yes,Fiber Optic,No,No,No,No,No,No,No,Yes,Month-to-Month,Yes,Bank Withdrawal,70.1,70.1,0.0,0,17.37,87.47,Churned,Competitor,Competitor had better devices,1.0
52951-RAJ,Female,39,No,Rajasthan,13,25,,Yes,No,Yes,Fiber Optic,No,Yes,No,Yes,Yes,Yes,Yes,Yes,Month-to-Month,Yes,Bank Withdrawal,97.9,315.3,0.0,0,90.54,405.84,Churned,Price,Price too high,1.0
34205-UTT,Male,50,No,Uttar Pradesh,5,29,Deal 5,Yes,No,Yes,Fiber Optic,No,No,No,No,No,No,No,Yes,Month-to-Month,No,Bank Withdrawal,69.95,330.15,0.0,0,85.4,415.55,Churned,Attitude,Attitude of service provider,1.0
93684-JAM,Male,82,Yes,Jammu & Kashmir,1,1,Deal 5,Yes,Yes,Yes,Fiber Optic,No,Yes,No,No,No,No,No,Yes,Month-to-Month,Yes,Bank Withdrawal,81.35,233.7,0.0,0,27.66,261.36,Churned,Competitor,Competitor made better offer,1.0
36829-HAR,Female,66,Yes,Haryana,10,28,,Yes,Yes,Yes,Fiber Optic,No,Yes,Yes,No,Yes,Yes,Yes,No,Month-to-Month,Yes,Bank Withdrawal,106.3,4443.45,0.0,130,427.63,5001.08,Churned,Price,Price too high,1.0
69510-JAM,Female,44,No,Jammu & Kashmir,2,31,,Yes,No,Yes,Fiber Optic,No,No,No,No,Yes,Yes,Yes,Yes,Month-to-Month,No,Bank Withdrawal,89.3,577.6,0.0,0,15.6,593.2,Churned,Other,Don't know,1.0
59068-JAM,Female,32,No,Jammu & Kashmir,2,34,,Yes,Yes,Yes,Fiber Optic,No,No,Yes,Yes,Yes,Yes,Yes,No,Month-to-Month,Yes,Credit Card,102.1,5885.4,0.0,100,203.58,6188.98,Churned,Competitor,Competitor made better offer,1.0
41514-UTT,Female,65,No,Uttar Pradesh,1,35,Deal 3,Yes,No,Yes,Fiber Optic,No,No,Yes,Yes,Yes,Yes,No,Yes,Month-to-Month,Yes,Bank Withdrawal,98.9,2911.3,0.0,0,1486.45,4397.75,Churned,Other,Don't know,1.0
39764-UTT,Female,39,Yes,Uttar Pradesh,5,14,,Yes,No,No,,,,,,,,,,Month-to-Month,No,Credit Card,19.35,46.35,0.0,0,88.68,135.03,Joined,,,1.0
29626-WES,Male,67,No,West Bengal,10,22,Deal 5,Yes,No,Yes,DSL,Yes,No,No,No,No,No,No,No,Month-to-Month,No,Bank Withdrawal,50.15,50.15,0.0,50,38.33,138.48,Joined,,,1.0
47133-ODI,Female,60,Yes,Odisha,15,8,,Yes,No,Yes,Cable,No,No,No,No,No,No,No,Yes,Month-to-Month,No,Bank Withdrawal,44.6,122.7,0.0,0,46.77,169.47,Joined,,,1.0
32214-HAR,Female,30,Yes,Haryana,12,19,Deal 5,No,,Yes,DSL,No,No,No,No,Yes,No,No,Yes,Month-to-Month,Yes,Bank Withdrawal,34.7,34.7,0.0,0,0.0,34.7,Churned,Other,Don't know,1.0
69406-HAR,Male,30,Yes,Haryana,2,20,,Yes,Yes,Yes,Fiber Optic,No,No,Yes,No,Yes,No,No,Yes,Month-to-Month,No,Bank Withdrawal,88.25,1460.65,0.0,0,304.47,1765.12,Churned,Other,Deceased,1.0
61318-ASS,Female,24,Yes,Assam,2,6,,Yes,No,Yes,Fiber Optic,No,No,No,Yes,No,Yes,Yes,Yes,Month-to-Month,No,Bank Withdrawal,85.8,272.2,0.0,0,31.8,304.0,Churned,Competitor,Competitor had better devices,1.0
54055-TEL,Female,33,Yes,Telangana,4,5,,Yes,No,Yes,Fiber Optic,Yes,No,No,No,No,No,No,Yes,Month-to-Month,Yes,Bank Withdrawal,74.4,139.4,0.0,0,19.58,158.98,Churned,Attitude,Attitude of support person,1.0
88912-MAD,Female,74,Yes,Madhya Pradesh,8,5,Deal 5,Yes,No,Yes,Fiber Optic,No,No,No,No,No,No,No,Yes,Month-to-Month,Yes,Mailed Check,70.45,70.45,0.0,0,15.28,85.73,Churned,Other,Don't know,1.0
62842-HAR,Male,33,Yes,Haryana,11,25,,Yes,No,No,,,,,,,,,,Month-to-Month,No,Credit Card,19.3,44.4,0.0,0,99.82,144.22,Joined,,,1.0
45744-WES,Female,68,Yes,West Bengal,1,35,,Yes,Yes,Yes,Fiber Optic,No,No,No,No,Yes,Yes,No,Yes,Month-to-Month,Yes,Bank Withdrawal,93.85,5574.75,8.13,0,636.02,6202.64,Churned,Price,Price too high,1.0
36853-MAH,Female,27,No,Maharashtra,8,2,,Yes,Yes,Yes,Fiber Optic,No,Yes,Yes,No,Yes,Yes,Yes,Yes,Month-to-Month,Yes,Bank Withdrawal,101.9,3545.35,0.0,0,889.48,4434.83,Churned,Dissatisfaction,Lack of self-service on Website,1.0
45654-PUN,Female,26,Yes,Punjab,7,19,Deal 5,Yes,Yes,Yes,Fiber Optic,No,No,No,No,No,No,Yes,Yes,Month-to-Month,Yes,Bank Withdrawal,74.4,229.55,8.74,0,43.8,264.61,Churned,Dissatisfaction,Product dissatisfaction,1.0
44434-ASS,Female,73,No,Assam,15,12,Deal 2,Yes,Yes,Yes,Fiber Optic,No,Yes,No,No,Yes,Yes,Yes,Yes,One Year,Yes,Credit Card,101.5,5373.1,0.0,0,1808.46,7181.56,Churned,Price,Lack of affordable download/upload speed,1.0
37598-UTT,Male,63,No,Uttar Pradesh,5,30,,Yes,Yes,Yes,Fiber Optic,No,Yes,Yes,No,Yes,No,No,Yes,Month-to-Month,Yes,Bank Withdrawal,95.75,5742.9,0.0,0,2113.2,7856.1,Churned,Dissatisfaction,Service dissatisfaction,1.0
21288-MAH,Female,63,No,Maharashtra,12,34,,Yes,Yes,Yes,DSL,No,No,No,No,Yes,No,No,No,Month-to-Month,Yes,Bank Withdrawal,60.25,170.5,0.0,70,60.3,300.8,Joined,,,1.0
48712-GUJ,Female,56,Yes,Gujarat,1,2,Deal 5,Yes,No,Yes,DSL,No,No,No,No,No,No,No,Yes,Month-to-Month,No,Credit Card,44.4,44.4,0.0,0,26.53,70.93,Churned,Attitude,Attitude of support person,1.0
77868-JAM,Male,35,No,Jammu & Kashmir,1,15,,No,,Yes,DSL,No,No,No,No,No,No,No,Yes,Month-to-Month,No,Mailed Check,25.5,215.2,0.0,0,0.0,215.2,Churned,Attitude,Attitude of support person,1.0
36589-UTT,Female,56,No,Uttar Pradesh,13,29,Deal 5,Yes,No,No,,,,,,,,,,Month-to-Month,No,Credit Card,20.9,20.9,0.0,0,15.51,36.41,Churned,Dissatisfaction,Limited range of services,1.0
42084-BIH,Female,36,Yes,Bihar,2,21,,Yes,No,Yes,Fiber Optic,No,No,No,No,Yes,Yes,Yes,Yes,One Year,Yes,Bank Withdrawal,90.1,2598.95,0.0,0,512.68,3111.63,Churned,Dissatisfaction,Poor expertise of online support,1.0
83994-DEL,Male,48,Yes,Delhi,8,24,,Yes,No,Yes,Fiber Optic,No,No,No,No,Yes,Yes,Yes,Yes,Month-to-Month,No,Credit Card,90.7,237.65,0.0,0,16.17,253.82,Joined,,,1.0
31688-CHH,Female,25,Yes,Chhattisgarh,0,8,,No,,Yes,Cable,Yes,No,Yes,No,No,Yes,Yes,No,Month-to-Month,Yes,Bank Withdrawal,45.3,2145.0,0.0,140,0.0,2285.0,Churned,Price,Price too high,1.0
24754-AND,Female,63,Yes,Andhra Pradesh,0,28,,Yes,No,Yes,Fiber Optic,No,No,No,No,No,No,No,Yes,Month-to-Month,Yes,Bank Withdrawal,69.55,200.2,33.8,0,5.01,171.41,Joined,,,1.0
25214-BIH,Female,50,No,Bihar,9,16,,Yes,No,Yes,Fiber Optic,No,Yes,Yes,Yes,No,No,No,Yes,Month-to-Month,No,Bank Withdrawal,83.8,1900.25,0.0,0,892.63,2792.88,Churned,Attitude,Attitude of support person,1.0
67857-TAM,Female,33,No,Tamil Nadu,13,33,,Yes,Yes,Yes,DSL,No,No,Yes,No,Yes,Yes,Yes,Yes,One Year,Yes,Bank Withdrawal,73.0,3001.2,0.0,0,652.31,3653.51,Churned,Competitor,Competitor offered higher download speeds,1.0
49309-UTT,Female,49,No,Uttarakhand,2,30,Deal 2,Yes,Yes,Yes,Fiber Optic,No,Yes,No,No,No,No,No,Yes,Month-to-Month,Yes,Bank Withdrawal,77.85,3365.85,0.0,0,2112.59,5478.44,Churned,Price,Lack of affordable download/upload speed,1.0
33490-BIH,Female,43,Yes,Bihar,13,9,,Yes,No,Yes,Fiber Optic,No,No,No,No,No,No,No,Yes,Month-to-Month,Yes,Bank Withdrawal,69.5,69.5,0.0,0,8.31,77.81,Churned,Dissatisfaction,Product dissatisfaction,1.0
41417-JHA,Female,41,Yes,Jharkhand,10,2,,Yes,No,Yes,Fiber Optic,No,No,No,No,No,Yes,Yes,Yes,Month-to-Month,Yes,Bank Withdrawal,79.7,79.7,0.0,0,33.88,113.58,Churned,Dissatisfaction,Poor expertise of online support,1.0
65868-RAJ,Female,80,Yes,Rajasthan,4,8,,Yes,Yes,Yes,Fiber Optic,No,No,Yes,No,No,No,No,No,Month-to-Month,Yes,Bank Withdrawal,-1.0,343.95,0.0,20,33.3,397.25,Churned,Competitor,Competitor offered more data,1.0
72588-RAJ,Female,77,No,Rajasthan,4,18,,Yes,Yes,Yes,Fiber Optic,No,No,Yes,No,No,Yes,No,Yes,Month-to-Month,No,Credit Card,88.3,2467.75,0.0,0,457.38,2925.13,Churned,Other,Don't know,1.0
86778-ASS,Female,74,Yes,Assam,8,8,,Yes,No,Yes,Fiber Optic,No,No,Yes,No,No,No,No,Yes,Month-to-Month,Yes,Credit Card,75.55,349.65,0.0,0,211.65,561.3,Churned,Competitor,Competitor had better devices,1.0
24990-WES,Female,36,No,West Bengal,8,24,,Yes,No,Yes,Fiber Optic,No,No,No,No,No,No,No,Yes,Month-to-Month,Yes,Bank Withdrawal,71.65,135.75,0.0,0,58.06,193.81,Joined,,,1.0
49350-UTT,Female,36,No,Uttar Pradesh,1,1,Deal 5,Yes,No,Yes,Fiber Optic,No,No,No,No,No,No,No,Yes,Month-to-Month,No,Mailed Check,71.1,71.1,0.0,0,10.19,81.29,Churned,Competitor,Competitor made better offer,1.0
59029-PUN,Female,45,No,Punjab,8,31,,Yes,No,Yes,Fiber Optic,No,No,No,No,No,No,No,No,Month-to-Month,Yes,Credit Card,70.45,70.45,0.0,10,42.87,123.32,Churned,Competitor,Competitor had better devices,1.0
44134-KAR,Female,38,No,Karnataka,1,8,Deal 4,Yes,No,No,,,,,,,,,,One Year,No,Bank Withdrawal,20.15,390.85,0.0,0,161.1,551.95,Churned,Attitude,Attitude of support person,1.0
29609-AND,Male,55,No,Andhra Pradesh,13,16,,Yes,No,Yes,Fiber Optic,No,No,No,No,No,No,No,Yes,Month-to-Month,No,Mailed Check,70.75,70.75,0.0,0,26.0,96.75,Churned,Dissatisfaction,Service dissatisfaction,1.0
36981-UTT,Male,68,No,Uttarakhand,0,9,Deal 4,Yes,Yes,Yes,Fiber Optic,No,No,No,No,No,No,No,Yes,Month-to-Month,No,Bank Withdrawal,75.65,1146.65,0.0,0,695.7,1842.35,Churned,Attitude,Attitude of support person,1.0
67513-JAM,Female,62,Yes,Jammu & Kashmir,14,17,Deal 2,Yes,Yes,Yes,Fiber Optic,No,Yes,Yes,No,No,No,No,No,Month-to-Month,Yes,Bank Withdrawal,85.45,4874.7,0.0,90,2355.1,7319.8,Churned,Competitor,Competitor made better offer,1.0
26500-GUJ,Female,62,Yes,Gujarat,3,19,Deal 5,Yes,No,Yes,Cable,Yes,No,No,No,No,Yes,Yes,Yes,Month-to-Month,Yes,Mailed Check,62.15,113.1,0.0,0,96.78,209.88,Joined,,,1.0
26761-GUJ,Male,46,No,Gujarat,3,13,,Yes,Yes,Yes,Fiber Optic,No,No,No,No,Yes,Yes,Yes,Yes,Month-to-Month,Yes,Bank Withdrawal,95.5,829.1,0.0,0,172.98,1002.08,Churned,Dissatisfaction,Limited range of services,1.0
88674-JAM,Female,56,No,Jammu & Kashmir,3,6,Deal 1,Yes,Yes,Yes,DSL,Yes,Yes,Yes,Yes,No,Yes,Yes,Yes,One Year,Yes,Credit Card,78.6,5356.45,0.0,0,2027.22,7383.67,Churned,Competitor,Competitor made better offer,1.0
59308-UTT,Female,73,Yes,Uttar Pradesh,7,20,,Yes,Yes,Yes,Fiber Optic,No,Yes,Yes,No,No,Yes,Yes,Yes,Month-to-Month,Yes,Bank Withdrawal,95.55,2510.2,0.0,0,1066.23,3576.43,Churned,Dissatisfaction,Service dissatisfaction,1.0
48043-BIH,Female,20,Yes,Bihar,3,4,,Yes,No,Yes,Cable,No,Yes,No,No,No,Yes,Yes,Yes,Month-to-Month,No,Bank Withdrawal,83.3,1845.9,0.0,0,88.22,1934.12,Churned,Competitor,Competitor had better devices,1.0
54940-MAD,Female,46,No,Madhya Pradesh,9,8,,Yes,No,Yes,Cable,Yes,No,No,No,No,No,No,No,Month-to-Month,Yes,Bank Withdrawal,49.85,365.55,13.01,10,302.32,664.86,Churned,Competitor,Competitor offered higher download speeds,1.0
87160-KAR,Female,49,Yes,Karnataka,14,25,Deal 4,No,,Yes,DSL,No,No,No,No,Yes,Yes,Yes,Yes,Month-to-Month,No,Bank Withdrawal,46.35,667.7,0.0,0,0.0,667.7,Churned,Attitude,Attitude of service provider,1.0
55973-JHA,Male,57,No,Jharkhand,6,19,Deal 2,Yes,No,No,,,,,,,,,,Two Year,No,Bank Withdrawal,19.75,1052.35,0.0,0,1389.13,2441.48,Churned,Price,Long distance charges,1.0
83336-AND,Female,38,Yes,Andhra Pradesh,7,31,Deal 4,Yes,No,Yes,Fiber Optic,No,No,No,No,Yes,Yes,Yes,Yes,Month-to-Month,Yes,Credit Card,89.0,1820.45,0.0,0,361.0,2181.45,Churned,Dissatisfaction,Service dissatisfaction,1.0
57488-KAR,Female,73,Yes,Karnataka,9,19,Deal 5,No,,Yes,DSL,No,No,No,No,No,No,No,Yes,Month-to-Month,No,Bank Withdrawal,25.25,25.25,0.0,0,0.0,25.25,Churned,Price,Price too high,1.0
16945-AND,Male,73,No,Andhra Pradesh,5,34,Deal 5,No,,Yes,Cable,No,No,No,No,No,No,No,Yes,Month-to-Month,No,Bank Withdrawal,25.05,25.05,0.0,0,0.0,25.05,Churned,Competitor,Competitor had better devices,1.0
28642-JHA,Female,63,Yes,Jharkhand,1,35,,No,,Yes,DSL,Yes,No,Yes,Yes,No,Yes,Yes,Yes,Two Year,No,Bank Withdrawal,47.85,3147.5,0.0,0,0.0,3147.5,Churned,Competitor,Competitor made better offer,1.0
91073-MAD,Male,64,No,Madhya Pradesh,7,34,Deal 3,Yes,No,Yes,Fiber Optic,Yes,No,No,No,No,No,No,Yes,Month-to-Month,Yes,Bank Withdrawal,74.9,2068.55,0.0,0,1239.84,3308.39,Churned,Price,Long distance charges,1.0
88373-ODI,Male,32,No,Odisha,3,21,Deal 4,Yes,No,Yes,Cable,No,No,No,No,No,No,Yes,Yes,Month-to-Month,Yes,Bank Withdrawal,45.55,402.6,0.0,0,344.4,747.0,Churned,Attitude,Attitude of support person,1.0
17796-BIH,Female,65,No,Bihar,5,1,,Yes,No,Yes,Cable,Yes,No,No,No,No,No,No,Yes,Month-to-Month,Yes,Bank Withdrawal,48.45,48.45,0.0,0,16.42,64.87,Joined,,,1.0
38793-DEL,Female,46,Yes,Delhi,10,19,,Yes,No,Yes,Cable,Yes,No,Yes,Yes,Yes,No,No,Yes,One Year,Yes,Bank Withdrawal,67.5,1544.05,0.0,0,435.6,1979.65,Churned,Other,Don't know,1.0
81940-MAH,Female,63,No,Maharashtra,9,5,,Yes,Yes,Yes,Fiber Optic,Yes,No,No,No,Yes,No,No,Yes,Month-to-Month,Yes,Bank Withdrawal,90.05,2169.8,27.38,0,81.65,2224.07,Churned,Competitor,Competitor offered higher download speeds,1.0
47094-MAD,Male,27,No,Madhya Pradesh,11,6,Deal 5,Yes,Yes,Yes,Fiber Optic,No,No,No,No,No,No,No,Yes,Month-to-Month,Yes,Bank Withdrawal,76.5,162.45,0.0,0,34.44,196.89,Churned,Other,Don't know,1.0
69641-MAH,Male,41,Yes,Maharashtra,5,21,Deal 4,Yes,No,Yes,Fiber Optic,Yes,No,No,No,No,Yes,Yes,Yes,Month-to-Month,No,Bank Withdrawal,84.05,1095.3,23.97,0,388.96,1460.29,Churned,Competitor,Competitor offered higher download speeds,1.0
11952-TEL,Female,42,Yes,Telangana,0,4,Deal 4,Yes,Yes,Yes,Fiber Optic,No,Yes,Yes,No,No,Yes,Yes,Yes,Month-to-Month,Yes,Credit Card,95.6,1555.65,0.0,0,303.84,1859.49,Churned,Attitude,Attitude of service provider,1.0
76974-UTT,Female,25,No,Uttar Pradesh,10,21,Deal 1,Yes,Yes,Yes,Fiber Optic,Yes,Yes,Yes,No,Yes,No,No,Yes,Month-to-Month,Yes,Credit Card,102.95,6886.25,0.0,0,2512.5,9398.75,Churned,Competitor,Competitor offered more data,1.0
21956-JHA,Female,59,Yes,Jharkhand,10,8,,Yes,No,Yes,Fiber Optic,Yes,No,No,Yes,No,No,No,No,Month-to-Month,Yes,Credit Card,82.3,214.4,0.0,20,134.91,369.31,Joined,,,1.0
33041-JAM,Female,48,No,Jammu & Kashmir,6,12,Deal 4,Yes,Yes,Yes,Fiber Optic,No,Yes,Yes,No,Yes,Yes,Yes,Yes,Month-to-Month,No,Bank Withdrawal,104.4,2157.95,0.0,0,895.65,3053.6,Churned,Attitude,Attitude of support person,1.0
93104-TEL,Male,35,No,Telangana,0,13,Deal 5,Yes,Yes,Yes,Fiber Optic,No,No,Yes,No,Yes,Yes,Yes,Yes,Month-to-Month,Yes,Bank Withdrawal,98.05,713.0,0.0,0,64.75,777.75,Churned,Competitor,Competitor had better devices,1.0
58049-MAD,Female,77,No,Madhya Pradesh,15,15,,No,,Yes,DSL,No,No,No,No,No,No,No,No,Month-to-Month,Yes,Mailed Check,25.8,25.8,0.0,20,0.0,45.8,Churned,Competitor,Competitor had better devices,1.0
33575-UTT,Male,83,Yes,Uttar Pradesh,2,25,Deal 3,Yes,No,Yes,Fiber Optic,No,No,Yes,No,Yes,No,No,Yes,Month-to-Month,Yes,Credit Card,85.2,2874.45,0.0,0,1008.44,3882.89,Stayed,,,1.0
92198-DEL,Female,44,Yes,Delhi,8,15,Deal 5,Yes,No,No,,,,,,,,,,Month-to-Month,Yes,Credit Card,20.25,20.25,0.0,0,28.18,48.43,Joined,,,1.0
79905-UTT,Female,24,No,Uttar Pradesh,0,12,,Yes,No,No,,,,,,,,,,Month-to-Month,No,Credit Card,20.45,20.45,0.0,0,30.09,50.54,Joined,,,1.0
71509-HAR,Female,40,No,Haryana,3,27,,Yes,No,Yes,DSL,No,No,No,No,Yes,No,No,Yes,Month-to-Month,Yes,Bank Withdrawal,54.65,54.65,0.0,0,36.33,90.98,Joined,,,1.0
35197-TEL,Female,78,Yes,Telangana,14,27,,Yes,No,Yes,Fiber Optic,No,No,No,No,No,No,No,Yes,Month-to-Month,Yes,Bank Withdrawal,69.25,69.25,0.0,0,37.3,106.55,Churned,Competitor,Competitor had better devices,1.0
25828-CHH,Male,64,Yes,Chhattisgarh,3,20,,Yes,Yes,Yes,Fiber Optic,No,No,Yes,No,Yes,Yes,Yes,Yes,Month-to-Month,Yes,Bank Withdrawal,101.1,1504.05,0.0,0,610.5,2114.55,Churned,Competitor,Competitor offered more data,1.0
91278-UTT,Male,45,No,Uttar Pradesh,11,20,,Yes,No,Yes,Cable,Yes,No,No,No,Yes,Yes,Yes,Yes,Month-to-Month,Yes,Bank Withdrawal,95.0,95.0,0.0,0,12.04,107.04,Churned,Dissatisfaction,Network reliability,1.0
57006-GUJ,Male,78,No,Gujarat,14,4,Deal 5,Yes,No,Yes,Fiber Optic,No,No,No,No,No,No,No,Yes,Month-to-Month,No,Bank Withdrawal,70.75,154.85,0.0,0,19.72,174.57,Churned,Price,Long distance charges,1.0
63067-KER,Male,26,No,Kerala,12,34,Deal 2,Yes,Yes,Yes,Cable,Yes,Yes,Yes,No,No,Yes,Yes,Yes,One Year,No,Credit Card,72.45,4653.85,14.23,0,1738.75,6378.37,Churned,Competitor,Competitor offered more data,1.0
48928-HAR,Female,43,No,Haryana,5,33,Deal 4,Yes,No,Yes,Fiber Optic,No,No,Yes,No,Yes,No,No,Yes,Month-to-Month,Yes,Bank Withdrawal,83.2,1060.6,0.0,0,460.2,1520.8,Churned,Attitude,Attitude of support person,1.0
94475-TEL,Female,22,Yes,Telangana,1,12,,Yes,No,Yes,Fiber Optic,No,No,Yes,No,Yes,Yes,Yes,Yes,One Year,Yes,Bank Withdrawal,94.85,5000.2,18.55,0,2152.86,7134.51,Churned,Competitor,Competitor had better devices,1.0
26707-HAR,Female,18,No,Haryana,8,5,,Yes,Yes,Yes,Fiber Optic,No,No,No,No,No,Yes,Yes,Yes,Month-to-Month,Yes,Bank Withdrawal,85.65,338.9,0.0,0,27.64,366.54,Churned,Dissatisfaction,Limited range of services,1.0
75929-HAR,Female,23,Yes,Haryana,12,3,Deal 5,Yes,Yes,Yes,Fiber Optic,No,Yes,No,No,Yes,Yes,Yes,Yes,Month-to-Month,Yes,Bank Withdrawal,101.7,364.55,1.48,0,104.64,467.71,Churned,Competitor,Competitor made better offer,1.0
14654-MAH,Female,66,Yes,Maharashtra,2,9,,Yes,Yes,Yes,Fiber Optic,No,No,No,No,No,No,No,Yes,Month-to-Month,Yes,Bank Withdrawal,74.55,622.9,33.25,0,158.04,747.69,Churned,Competitor,Competitor had better devices,1.0
97619-KER,Male,51,No,Kerala,13,12,Deal 4,Yes,Yes,Yes,DSL,Yes,No,Yes,Yes,No,No,No,Yes,Month-to-Month,Yes,Mailed Check,61.65,713.75,0.0,0,434.88,1148.63,Churned,Competitor,Competitor offered higher download speeds,1.0
23378-GUJ,Female,73,Yes,Gujarat,1,15,,Yes,Yes,Yes,Fiber Optic,No,No,No,No,No,No,No,Yes,Month-to-Month,Yes,Bank Withdrawal,74.9,321.75,0.0,0,104.92,426.67,Churned,Price,Lack of affordable download/upload speed,1.0
23067-ASS,Female,75,No,Assam,2,22,,Yes,Yes,Yes,Fiber Optic,No,No,No,No,No,No,No,No,Month-to-Month,Yes,Bank Withdrawal,74.45,74.45,0.0,10,31.27,115.72,Churned,Other,Don't know,1.0
27195-PUN,Female,61,Yes,Punjab,12,13,,Yes,Yes,Yes,Fiber Optic,No,No,Yes,No,Yes,Yes,Yes,No,One Year,Yes,Bank Withdrawal,100.0,5509.3,0.0,100,2055.9,7665.2,Churned,Competitor,Competitor offered higher download speeds,1.0
64223-UTT,Male,40,Yes,Uttar Pradesh,1,27,Deal 5,Yes,No,Yes,Fiber Optic,No,Yes,Yes,No,No,No,No,Yes,Month-to-Month,Yes,Bank Withdrawal,79.9,741.7,0.0,0,172.62,914.32,Churned,Price,Extra data charges,1.0
36267-UTT,Female,47,No,Uttar Pradesh,6,3,,Yes,Yes,Yes,DSL,Yes,No,No,No,No,No,No,No,Month-to-Month,Yes,Bank Withdrawal,55.65,1400.55,0.0,60,215.76,1676.31,Churned,Competitor,Competitor had better devices,1.0
62535-AND,Male,42,No,Andhra Pradesh,8,22,Deal 5,Yes,No,Yes,Cable,No,No,No,Yes,Yes,Yes,Yes,Yes,Month-to-Month,No,Credit Card,70.7,225.65,0.0,0,75.12,300.77,Joined,,,1.0
26198-ASS,Male,52,Yes,Assam,5,15,,Yes,No,Yes,Cable,No,No,No,Yes,No,No,No,Yes,Month-to-Month,No,Credit Card,50.05,179.35,0.0,0,38.68,218.03,Churned,Competitor,Competitor made better offer,1.0
58381-GUJ,Female,69,No,Gujarat,2,13,Deal 5,Yes,No,Yes,Fiber Optic,No,Yes,Yes,No,No,No,No,Yes,Month-to-Month,Yes,Bank Withdrawal,82.3,82.3,0.0,0,33.41,115.71,Churned,Competitor,Competitor had better devices,1.0
41835-MAH,Female,20,Yes,Maharashtra,1,12,Deal 5,No,,Yes,Cable,No,No,No,No,No,No,Yes,Yes,Month-to-Month,Yes,Bank Withdrawal,25.05,56.35,0.0,0,0.0,56.35,Churned,Dissatisfaction,Product dissatisfaction,1.0
87405-PUN,Female,41,Yes,Punjab,1,10,,Yes,No,Yes,Fiber Optic,Yes,Yes,Yes,Yes,Yes,Yes,Yes,Yes,One Year,Yes,Bank Withdrawal,109.5,7534.65,0.0,0,2774.1,10308.75,Churned,Price,Long distance charges,1.0
62544-GUJ,Female,63,Yes,Gujarat,14,33,,No,,Yes,DSL,No,No,No,No,Yes,Yes,No,Yes,Month-to-Month,No,Bank Withdrawal,45.3,528.45,0.0,0,0.0,528.45,Stayed,,,1.0
41647-UTT,Male,65,No,Uttar Pradesh,6,20,,Yes,No,Yes,Fiber Optic,No,No,Yes,No,Yes,Yes,Yes,Yes,Month-to-Month,Yes,Bank Withdrawal,95.85,197.7,0.0,0,74.86,272.56,Churned,Competitor,Competitor had better devices,1.0
99630-MAD,Male,54,No,Madhya Pradesh,10,35,Deal 5,Yes,No,No,,,,,,,,,,Month-to-Month,No,Bank Withdrawal,19.3,19.3,0.0,0,25.62,44.92,Churned,Attitude,Attitude of support person,1.0
55103-WES,Female,30,Yes,West Bengal,0,9,Deal 5,Yes,No,Yes,Fiber Optic,No,No,Yes,Yes,Yes,No,No,Yes,Month-to-Month,Yes,Credit Card,88.35,262.05,0.0,0,148.2,410.25,Churned,Competitor,Competitor offered more data,1.0
65004-UTT,Female,48,Yes,Uttar Pradesh,8,12,,No,,Yes,DSL,No,No,No,No,Yes,No,No,Yes,Month-to-Month,Yes,Credit Card,34.7,296.1,0.0,0,0.0,296.1,Churned,Competitor,Competitor offered higher download speeds,1.0
48330-UTT,Female,60,Yes,Uttar Pradesh,1,34,,Yes,Yes,Yes,Fiber Optic,No,No,Yes,No,Yes,Yes,Yes,Yes,Month-to-Month,Yes,Bank Withdrawal,100.5,918.6,0.0,0,438.39,1356.99,Churned,Competitor,Competitor had better devices,1.0
99203-JAM,Male,72,No,Jammu & Kashmir,0,10,,No,,Yes,DSL,No,Yes,No,No,Yes,No,No,Yes,Month-to-Month,Yes,Mailed Check,39.0,679.85,0.0,0,0.0,679.85,Churned,Competitor,Competitor had better devices,1.0
94887-AND,Male,54,No,Andhra Pradesh,3,14,,No,,Yes,DSL,No,No,No,No,No,No,No,Yes,Month-to-Month,No,Bank Withdrawal,25.2,321.05,0.0,0,0.0,321.05,Stayed,,,1.0
75578-TAM,Female,42,Yes,Tamil Nadu,10,21,Deal 5,Yes,No,Yes,Cable,Yes,No,No,Yes,No,No,No,Yes,Month-to-Month,Yes,Mailed Check,55.1,154.65,0.0,0,78.12,232.77,Churned,Competitor,Competitor offered higher download speeds,1.0
41464-UTT,Female,68,No,Uttar Pradesh,12,6,Deal 5,Yes,No,Yes,Fiber Optic,No,No,No,No,No,No,No,Yes,Month-to-Month,No,Credit Card,70.85,70.85,0.0,0,49.6,120.45,Churned,Price,Long distance charges,1.0
45978-GUJ,Female,38,Yes,Gujarat,2,19,,Yes,No,No,,,,,,,,,,Month-to-Month,No,Credit Card,20.75,44.2,0.0,0,55.34,99.54,Joined,,,1.0
91835-GUJ,Male,21,Yes,Gujarat,12,5,,Yes,No,Yes,Cable,No,No,Yes,Yes,Yes,Yes,Yes,Yes,Month-to-Month,Yes,Bank Withdrawal,75.5,75.5,0.0,0,5.63,81.13,Joined,,,1.0
56148-HAR,Male,77,No,Haryana,1,26,,Yes,Yes,Yes,Fiber Optic,No,Yes,No,No,No,No,No,Yes,Month-to-Month,Yes,Bank Withdrawal,81.45,2122.05,0.0,0,1158.57,3280.62,Churned,Competitor,Competitor offered more data,1.0
19404-WES,Female,24,No,West Bengal,11,4,Deal 5,No,,Yes,DSL,No,No,No,No,No,Yes,Yes,Yes,Month-to-Month,Yes,Bank Withdrawal,34.7,62.25,0.0,0,0.0,62.25,Churned,Competitor,Competitor made better offer,1.0
34237-HAR,Female,73,Yes,Haryana,8,30,Deal 3,Yes,Yes,Yes,DSL,No,Yes,Yes,Yes,Yes,Yes,Yes,Yes,Month-to-Month,No,Bank Withdrawal,83.85,2310.2,0.0,0,92.61,2402.81,Stayed,,,1.0
37047-DEL,Male,80,Yes,Delhi,2,34,,No,,Yes,DSL,No,Yes,No,No,Yes,Yes,Yes,No,Month-to-Month,Yes,Bank Withdrawal,49.15,2550.9,0.0,30,0.0,2580.9,Churned,Competitor,Competitor made better offer,1.0
19754-JAM,Female,63,No,Jammu & Kashmir,15,1,Deal 5,No,,Yes,DSL,No,No,No,Yes,Yes,No,No,Yes,Month-to-Month,No,Mailed Check,40.65,328.95,0.0,0,0.0,328.95,Churned,Competitor,Competitor had better devices,1.0
37270-MAH,Male,36,No,Maharashtra,10,18,,No,,Yes,DSL,No,No,No,No,No,Yes,Yes,Yes,Month-to-Month,Yes,Bank Withdrawal,35.55,35.55,0.0,0,0.0,35.55,Churned,Other,Don't know,1.0
28861-GUJ,Male,30,Yes,Gujarat,13,34,,Yes,Yes,Yes,Fiber Optic,Yes,No,No,No,No,No,Yes,Yes,Month-to-Month,No,Bank Withdrawal,82.4,1592.35,33.43,0,732.0,2290.92,Churned,Price,Price too high,1.0
79605-BIH,Female,36,No,Bihar,7,20,Deal 5,Yes,No,Yes,Cable,Yes,No,No,Yes,No,No,No,No,Month-to-Month,No,Credit Card,53.85,259.8,22.96,10,121.6,368.44,Churned,Competitor,Competitor offered higher download speeds,1.0
98788-TAM,Male,58,Yes,Tamil Nadu,4,16,Deal 5,Yes,No,No,,,,,,,,,,Month-to-Month,Yes,Mailed Check,20.05,39.25,0.0,0,13.7,52.95,Joined,,,1.0
79970-AND,Female,33,No,Andhra Pradesh,15,6,,Yes,Yes,Yes,Fiber Optic,No,No,Yes,No,Yes,Yes,Yes,Yes,Month-to-Month,Yes,Credit Card,102.25,1359.0,0.0,0,397.15,1756.15,Churned,Competitor,Competitor had better devices,1.0
44458-TAM,Female,43,No,Tamil Nadu,7,20,,Yes,No,Yes,Fiber Optic,No,No,No,No,No,Yes,Yes,Yes,Month-to-Month,Yes,Bank Withdrawal,79.55,723.4,0.0,0,408.69,1132.09,Churned,Competitor,Competitor offered more data,1.0
19235-GUJ,Female,71,No,Gujarat,15,18,,Yes,No,Yes,Fiber Optic,No,No,Yes,No,No,Yes,Yes,Yes,Month-to-Month,Yes,Credit Card,84.6,865.55,0.0,0,168.5,1034.05,Churned,Attitude,Attitude of support person,1.0
79971-GUJ,Male,65,Yes,Gujarat,1,17,Deal 5,Yes,No,Yes,Fiber Optic,No,No,No,Yes,No,Yes,Yes,Yes,Month-to-Month,Yes,Credit Card,85.4,425.9,0.0,0,217.55,643.45,Churned,Price,Long distance charges,1.0
12842-TAM,Female,26,Yes,Tamil Nadu,11,8,Deal 5,Yes,Yes,Yes,Fiber Optic,No,No,Yes,No,Yes,Yes,Yes,Yes,Month-to-Month,No,Bank Withdrawal,101.15,385.9,0.0,0,38.24,424.14,Churned,Competitor,Competitor had better devices,1.0
41644-RAJ,Female,27,No,Rajasthan,2,33,,Yes,No,No,,,,,,,,,,Month-to-Month,No,Mailed Check,19.5,31.55,0.0,0,56.04,87.59,Churned,Dissatisfaction,Limited range of services,1.0
29045-JAM,Female,69,Yes,Jammu & Kashmir,5,32,,Yes,No,Yes,Fiber Optic,Yes,No,Yes,No,Yes,Yes,No,Yes,Month-to-Month,Yes,Bank Withdrawal,101.25,2754.45,0.0,0,1237.14,3991.59,Churned,Attitude,Attitude of service provider,1.0
93405-AND,Male,60,No,Andhra Pradesh,13,32,Deal 5,Yes,No,Yes,DSL,No,No,No,No,No,No,No,Yes,Month-to-Month,Yes,Mailed Check,45.7,45.7,0.0,0,5.55,51.25,Churned,Competitor,Competitor offered higher download speeds,1.0
89378-PUN,Female,51,Yes,Punjab,11,19,,Yes,Yes,Yes,Fiber Optic,No,Yes,Yes,No,Yes,Yes,Yes,Yes,Month-to-Month,Yes,Bank Withdrawal,104.3,5278.15,11.45,0,1914.84,7181.54,Churned,Competitor,Competitor offered more data,1.0
86512-HAR,Male,44,No,Haryana,8,19,Deal 4,Yes,Yes,Yes,Fiber Optic,No,No,Yes,No,Yes,Yes,Yes,Yes,Month-to-Month,Yes,Bank Withdrawal,99.5,1056.95,0.0,0,341.88,1398.83,Churned,Dissatisfaction,Network reliability,1.0
22025-MAD,Female,63,Yes,Madhya Pradesh,14,18,,Yes,Yes,Yes,Fiber Optic,No,Yes,Yes,No,Yes,Yes,No,Yes,Two Year,Yes,Bank Withdrawal,104.15,7689.95,0.0,0,434.16,8124.11,Churned,Price,Extra data charges,1.0
57048-PUN,Female,58,No,Punjab,7,7,Deal 5,Yes,No,Yes,Fiber Optic,No,Yes,No,No,Yes,No,No,Yes,Month-to-Month,No,Bank Withdrawal,83.75,247.25,0.0,0,139.08,386.33,Churned,Attitude,Attitude of support person,1.0
19849-BIH,Female,35,Yes,Bihar,3,13,,Yes,Yes,Yes,Fiber Optic,No,No,No,No,No,No,No,Yes,Month-to-Month,No,Bank Withdrawal,75.25,242.0,0.0,0,53.61,295.61,Churned,Attitude,Attitude of service provider,1.0
48018-RAJ,Male,39,No,Rajasthan,1,14,,Yes,No,No,,,,,,,,,,Month-to-Month,No,Credit Card,19.55,19.55,0.0,0,30.63,50.18,Joined,,,1.0
17661-PUN,Female,19,No,Punjab,2,11,Deal 5,Yes,No,Yes,Fiber Optic,No,No,Yes,No,No,No,Yes,No,Month-to-Month,No,Mailed Check,74.65,544.55,0.0,10,151.06,705.61,Churned,Competitor,Competitor offered more data,1.0
77222-UTT,Female,83,No,Uttarakhand,11,25,Deal 5,No,,Yes,DSL,No,No,Yes,No,No,No,No,Yes,Two Year,Yes,Bank Withdrawal,29.9,118.25,0.0,0,0.0,118.25,Stayed,,,1.0
76733-ODI,Female,47,No,Odisha,8,30,Deal 3,Yes,Yes,Yes,Fiber Optic,No,No,Yes,No,Yes,Yes,Yes,Yes,Month-to-Month,Yes,Bank Withdrawal,100.25,3527.6,0.0,0,367.15,3894.75,Churned,Competitor,Competitor offered higher download speeds,1.0
29772-CHH,Female,57,No,Chhattisgarh,8,12,Deal 4,Yes,Yes,Yes,Fiber Optic,No,Yes,No,No,No,No,No,No,Month-to-Month,Yes,Bank Withdrawal,80.7,788.8,38.42,50,170.7,971.08,Churned,Competitor,Competitor offered more data,1.0
16562-UTT,Female,72,Yes,Uttar Pradesh,10,19,Deal 2,Yes,Yes,Yes,Fiber Optic,No,No,Yes,No,Yes,Yes,Yes,Yes,Month-to-Month,Yes,Bank Withdrawal,98.7,5812.6,0.0,0,184.44,5997.04,Churned,Competitor,Competitor had better devices,1.0
16149-ASS,Female,66,Yes,Assam,2,7,,Yes,No,Yes,Fiber Optic,No,Yes,No,No,No,No,No,Yes,Month-to-Month,Yes,Bank Withdrawal,73.65,1463.5,0.0,0,107.4,1570.9,Churned,Competitor,Competitor had better devices,1.0
29740-AND,Male,51,No,Andhra Pradesh,4,1,,Yes,Yes,Yes,Fiber Optic,Yes,No,No,No,Yes,Yes,Yes,No,Month-to-Month,No,Mailed Check,98.15,1230.25,0.0,40,43.68,1313.93,Churned,Price,Long distance charges,1.0
93516-BIH,Male,41,Yes,Bihar,9,17,,Yes,No,Yes,Fiber Optic,No,No,No,Yes,Yes,Yes,Yes,Yes,Month-to-Month,Yes,Bank Withdrawal,96.2,3183.4,0.0,0,806.72,3990.12,Churned,Attitude,Attitude of support person,1.0
27402-AND,Male,25,No,Andhra Pradesh,14,35,Deal 5,Yes,No,Yes,Fiber Optic,No,No,No,No,No,No,Yes,Yes,Month-to-Month,Yes,Mailed Check,70.8,70.8,0.0,0,30.6,101.4,Churned,Competitor,Competitor made better offer,1.0
76097-RAJ,Female,33,Yes,Rajasthan,1,26,Deal 5,Yes,No,Yes,Cable,No,No,No,No,Yes,Yes,Yes,Yes,Month-to-Month,Yes,Bank Withdrawal,89.55,89.55,0.0,0,42.46,132.01,Churned,Competitor,Competitor had better devices,1.0
31601-DEL,Female,31,Yes,Delhi,2,10,,Yes,No,No,,,,,,,,,,Month-to-Month,No,Credit Card,19.65,19.65,0.0,0,42.42,62.07,Joined,,,1.0
74651-WES,Female,30,Yes,West Bengal,7,23,,No,,Yes,DSL,No,Yes,No,No,No,No,No,Yes,Month-to-Month,No,Credit Card,29.2,98.5,0.0,0,0.0,98.5,Joined,,,1.0
42358-BIH,Female,53,No,Bihar,9,35,,Yes,No,Yes,DSL,No,No,No,No,Yes,No,No,Yes,Month-to-Month,Yes,Bank Withdrawal,54.2,140.4,0.0,0,124.14,264.54,Joined,,,1.0
11543-WES,Female,35,Yes,West Bengal,0,7,,Yes,No,Yes,DSL,Yes,No,No,No,No,No,No,Yes,Month-to-Month,No,Bank Withdrawal,49.4,874.8,0.0,0,375.48,1250.28,Churned,Other,Deceased,1.0
59658-JAM,Female,24,No,Jammu & Kashmir,6,10,,Yes,No,No,,,,,,,,,,Month-to-Month,Yes,Mailed Check,20.1,20.1,0.0,0,4.11,24.21,Churned,Competitor,Competitor made better offer,1.0
16936-GUJ,Female,29,No,Gujarat,4,28,Deal 5,Yes,No,No,,,,,,,,,,Month-to-Month,No,Bank Withdrawal,20.0,137.6,0.0,0,112.28,249.88,Churned,Attitude,Attitude of support person,1.0
36531-JAM,Male,58,No,Jammu & Kashmir,6,14,Deal 5,Yes,No,Yes,Fiber Optic,No,No,Yes,No,Yes,Yes,Yes,Yes,Month-to-Month,No,Bank Withdrawal,96.5,492.55,0.0,0,104.3,596.85,Churned,Competitor,Competitor made better offer,1.0
71564-KAR,Female,48,No,Karnataka,6,5,,Yes,No,No,,,,,,,,,,Month-to-Month,No,Credit Card,19.05,19.05,0.0,0,5.02,24.07,Joined,,,1.0
11264-MAH,Female,27,Yes,Maharashtra,14,17,Deal 5,No,,Yes,DSL,No,No,No,No,No,No,Yes,Yes,Month-to-Month,Yes,Bank Withdrawal,-4.0,24.8,0.0,0,0.0,24.8,Churned,Dissatisfaction,Product dissatisfaction,1.0
72873-JAM,Male,44,No,Jammu & Kashmir,2,12,Deal 4,Yes,Yes,Yes,Fiber Optic,No,No,No,No,No,No,No,Yes,Month-to-Month,Yes,Bank Withdrawal,-7.0,825.7,0.0,0,237.38,1063.08,Churned,Competitor,Competitor made better offer,1.0
97033-BIH,Female,74,Yes,Bihar,0,9,Deal 3,Yes,Yes,Yes,Fiber Optic,No,No,No,Yes,Yes,Yes,No,Yes,Month-to-Month,Yes,Bank Withdrawal,101.5,2917.65,0.0,0,1440.6,4358.25,Stayed,,,1.0
41631-JAM,Male,26,Yes,Jammu & Kashmir,9,21,,Yes,No,No,,,,,,,,,,Month-to-Month,No,Mailed Check,19.55,19.55,0.0,0,38.44,57.99,Churned,Competitor,Competitor made better offer,1.0
83908-DEL,Female,47,Yes,Delhi,15,28,Deal 5,Yes,No,Yes,Fiber Optic,No,No,No,No,No,No,No,Yes,Month-to-Month,Yes,Bank Withdrawal,70.85,70.85,0.0,0,27.05,97.9,Churned,Dissatisfaction,Network reliability,1.0
15418-PUN,Female,62,No,Punjab,2,31,,Yes,No,No,,,,,,,,,,One Year,No,Bank Withdrawal,19.8,229.6,0.0,0,451.8,681.4,Churned,Attitude,Attitude of support person,1.0
56083-AND,Female,24,Yes,Andhra Pradesh,3,3,,Yes,No,Yes,Fiber Optic,No,No,No,No,No,No,Yes,Yes,Month-to-Month,No,Bank Withdrawal,70.25,2868.05,0.0,0,1671.98,4540.03,Churned,Attitude,Attitude of support person,1.0
59491-TAM,Female,20,Yes,Tamil Nadu,6,8,Deal 2,Yes,Yes,No,,,,,,,,,,Two Year,Yes,Credit Card,25.15,1327.15,0.0,0,739.2,2066.35,Churned,Dissatisfaction,Service dissatisfaction,1.0
42556-JAM,Male,50,Yes,Jammu & Kashmir,9,27,,Yes,No,Yes,Fiber Optic,No,No,No,No,No,No,No,Yes,Month-to-Month,Yes,Mailed Check,69.9,69.9,0.0,0,4.99,74.89,Churned,Competitor,Competitor made better offer,1.0
22137-KAR,Female,51,No,Karnataka,4,28,,Yes,No,No,,,,,,,,,,One Year,No,Credit Card,19.85,19.85,0.0,0,47.46,67.31,Joined,,,1.0
96416-HAR,Male,27,No,Haryana,3,11,,Yes,No,No,,,,,,,,,,Month-to-Month,No,Credit Card,20.15,20.15,0.0,0,33.58,53.73,Churned,Competitor,Competitor made better offer,1.0
74520-ODI,Female,71,Yes,Odisha,7,14,,Yes,Yes,Yes,Fiber Optic,No,No,No,No,No,Yes,Yes,Yes,Month-to-Month,Yes,Bank Withdrawal,85.05,85.05,0.0,0,16.37,101.42,Churned,Competitor,Competitor had better devices,1.0
99555-KAR,Male,64,Yes,Karnataka,10,26,,Yes,Yes,Yes,Fiber Optic,No,No,Yes,No,Yes,Yes,No,Yes,Month-to-Month,Yes,Bank Withdrawal,98.75,1587.55,0.0,0,242.56,1830.11,Churned,Attitude,Attitude of support person,1.0
44709-WES,Female,72,Yes,West Bengal,7,17,,No,,Yes,DSL,No,Yes,No,No,No,No,No,Yes,Month-to-Month,Yes,Bank Withdrawal,30.75,82.85,0.0,0,0.0,82.85,Joined,,,1.0
39870-WES,Male,40,No,West Bengal,10,21,Deal 5,Yes,No,Yes,Fiber Optic,No,No,No,No,No,No,No,Yes,Month-to-Month,No,Bank Withdrawal,-7.0,69.75,0.0,0,27.97,97.72,Churned,Attitude,Attitude of support person,1.0
71483-BIH,Male,47,Yes,Bihar,6,20,Deal 5,Yes,No,Yes,Fiber Optic,No,No,No,No,No,No,No,Yes,Month-to-Month,Yes,Credit Card,69.1,69.1,0.0,0,16.55,85.65,Churned,Other,Don't know,1.0
48317-TEL,Female,34,No,Telangana,9,11,Deal 5,Yes,No,No,,,,,,,,,,Month-to-Month,Yes,Credit Card,19.6,59.75,0.0,0,39.84,99.59,Churned,Attitude,Attitude of support person,1.0
32129-GUJ,Male,67,No,Gujarat,12,29,,Yes,No,Yes,Fiber Optic,No,No,Yes,No,No,No,No,Yes,Month-to-Month,Yes,Bank Withdrawal,76.65,1313.55,0.0,0,520.37,1833.92,Churned,Competitor,Competitor offered more data,1.0
78890-UTT,Female,81,No,Uttar Pradesh,2,25,,Yes,Yes,Yes,Fiber Optic,No,Yes,No,Yes,Yes,No,No,Yes,Month-to-Month,Yes,Bank Withdrawal,95.05,4504.55,0.0,0,668.34,5172.89,Churned,Competitor,Competitor offered higher download speeds,1.0
27856-UTT,Female,33,Yes,Uttar Pradesh,1,32,Deal 5,Yes,No,No,,,,,,,,,,Month-to-Month,Yes,Bank Withdrawal,19.25,19.25,0.0,0,9.44,28.69,Joined,,,1.0
26567-UTT,Female,67,Yes,Uttar Pradesh,1,35,,Yes,No,No,,,,,,,,,,Two Year,No,Credit Card,20.35,20.35,0.0,0,30.09,50.44,Joined,,,1.0
98716-GUJ,Female,62,Yes,Gujarat,14,23,Deal 4,Yes,Yes,Yes,Fiber Optic,No,Yes,No,No,No,Yes,No,Yes,Month-to-Month,No,Bank Withdrawal,89.85,1424.95,0.0,0,64.2,1489.15,Churned,Dissatisfaction,Service dissatisfaction,1.0
84377-ASS,Female,63,No,Assam,6,3,,Yes,No,Yes,Fiber Optic,Yes,Yes,No,Yes,Yes,Yes,Yes,Yes,One Year,No,Credit Card,105.95,1348.9,0.0,0,78.82,1427.72,Churned,Competitor,Competitor offered higher download speeds,1.0
92424-PUN,Female,40,No,Punjab,12,9,,Yes,Yes,Yes,Cable,No,Yes,No,No,No,No,No,Yes,Month-to-Month,Yes,Credit Card,55.0,3092.65,0.0,0,361.8,3454.45,Churned,Other,Don't know,1.0
21518-GUJ,Male,69,Yes,Gujarat,14,27,,Yes,No,Yes,Fiber Optic,No,No,No,No,No,No,No,Yes,Month-to-Month,Yes,Credit Card,70.65,70.65,0.0,0,37.68,108.33,Churned,Competitor,Competitor had better devices,1.0
27465-JAM,Female,50,No,Jammu & Kashmir,10,30,,Yes,No,No,,,,,,,,,,Month-to-Month,No,Credit Card,19.85,19.85,0.0,0,16.47,36.32,Joined,,,1.0
14769-GUJ,Female,59,Yes,Gujarat,13,31,,No,,Yes,Cable,No,No,No,Yes,No,No,No,Yes,Month-to-Month,No,Bank Withdrawal,29.85,75.6,0.0,0,0.0,75.6,Churned,Other,Don't know,1.0
18825-AND,Female,40,No,Andhra Pradesh,12,3,,Yes,Yes,Yes,Fiber Optic,No,No,No,No,No,Yes,Yes,Yes,Month-to-Month,Yes,Bank Withdrawal,85.7,169.8,0.0,0,28.14,197.94,Churned,Attitude,Attitude of service provider,1.0
77916-BIH,Female,54,No,Bihar,2,8,,Yes,Yes,Yes,Fiber Optic,Yes,No,Yes,Yes,Yes,Yes,Yes,Yes,Two Year,Yes,Credit Card,108.75,7156.2,0.0,0,2154.05,9310.25,Churned,Competitor,Competitor had better devices,1.0
54195-MAH,Female,61,Yes,Maharashtra,11,23,,Yes,No,No,,,,,,,,,,Month-to-Month,No,Bank Withdrawal,19.75,19.75,0.0,0,37.62,57.37,Joined,,,1.0
38504-GUJ,Male,55,No,Gujarat,12,31,Deal 5,Yes,Yes,Yes,Fiber Optic,No,No,No,No,No,No,No,Yes,Month-to-Month,Yes,Bank Withdrawal,74.95,74.95,0.0,0,30.07,105.02,Churned,Competitor,Competitor had better devices,1.0
79966-ODI,Male,37,Yes,Odisha,7,7,,Yes,No,Yes,Fiber Optic,No,No,No,No,Yes,No,No,Yes,Month-to-Month,Yes,Bank Withdrawal,79.95,857.2,0.0,0,113.0,970.2,Churned,Competitor,Competitor had better devices,1.0
45991-MAH,Female,29,No,Maharashtra,7,10,,Yes,No,Yes,Fiber Optic,Yes,Yes,Yes,No,No,No,Yes,Yes,Month-to-Month,Yes,Credit Card,83.9,3233.6,0.0,0,1374.84,4608.44,Churned,Competitor,Competitor offered higher download speeds,1.0
38748-AND,Female,22,Yes,Andhra Pradesh,13,6,,Yes,No,No,,,,,,,,,,Month-to-Month,No,Bank Withdrawal,19.65,19.65,0.0,0,27.88,47.53,Joined,,,1.0
37657-KER,Female,57,Yes,Kerala,7,27,Deal 4,Yes,No,Yes,Fiber Optic,No,No,No,No,Yes,Yes,Yes,No,Month-to-Month,Yes,Bank Withdrawal,91.1,1135.7,0.0,80,70.59,1286.29,Churned,Attitude,Attitude of support person,1.0
49945-AND,Female,67,No,Andhra Pradesh,12,4,,Yes,Yes,Yes,Fiber Optic,No,No,No,No,No,No,No,Yes,Month-to-Month,No,Bank Withdrawal,73.6,520.0,0.0,0,266.49,786.49,Churned,Competitor,Competitor offered more data,1.0
17689-AND,Male,57,No,Andhra Pradesh,9,13,Deal 5,Yes,No,Yes,DSL,No,No,No,Yes,Yes,No,No,Yes,Month-to-Month,Yes,Credit Card,59.5,415.95,0.0,0,15.68,431.63,Churned,Other,Moved,1.0
44835-WES,Female,64,No,West Bengal,3,2,,Yes,Yes,Yes,DSL,No,No,No,No,No,No,No,Yes,One Year,Yes,Credit Card,48.35,1067.15,0.0,0,133.4,1200.55,Churned,Other,Don't know,1.0
78918-BIH,Female,59,No,Bihar,12,11,Deal 5,Yes,No,Yes,Fiber Optic,Yes,No,No,No,No,Yes,Yes,Yes,Month-to-Month,Yes,Credit Card,86.05,244.85,0.0,0,54.78,299.63,Joined,,,1.0
88631-JAM,Male,51,Yes,Jammu & Kashmir,11,19,Deal 5,Yes,No,Yes,DSL,No,No,No,Yes,No,No,No,Yes,Month-to-Month,Yes,Bank Withdrawal,49.65,267.35,0.0,0,293.34,560.69,Churned,Dissatisfaction,Lack of self-service on Website,1.0
45159-UTT,Female,52,Yes,Uttar Pradesh,14,13,Deal 4,Yes,No,No,,,,,,,,,,Month-to-Month,No,Credit Card,19.0,233.55,0.0,0,233.76,467.31,Churned,Competitor,Competitor made better offer,1.0
73366-UTT,Male,21,Yes,Uttar Pradesh,13,6,Deal 5,Yes,No,Yes,Cable,No,Yes,No,No,No,No,No,Yes,Month-to-Month,Yes,Credit Card,49.6,114.7,0.0,0,42.56,157.26,Churned,Dissatisfaction,Network reliability,1.0
99515-ASS,Male,34,No,Assam,11,11,,Yes,Yes,Yes,Cable,No,No,No,Yes,Yes,No,No,Yes,Month-to-Month,Yes,Credit Card,65.25,209.9,0.0,0,128.04,337.94,Joined,,,1.0
75737-KAR,Female,70,Yes,Karnataka,1,18,,Yes,No,Yes,Fiber Optic,No,No,No,No,Yes,Yes,No,Yes,Month-to-Month,No,Credit Card,90.45,1266.1,0.0,0,158.34,1424.44,Churned,Competitor,Competitor offered more data,1.0
85997-JAM,Female,62,Yes,Jammu & Kashmir,5,17,Deal 5,Yes,No,No,,,,,,,,,,Month-to-Month,Yes,Credit Card,20.1,20.1,0.0,0,40.83,60.93,Churned,Price,Long distance charges,1.0
42735-WES,Female,76,Yes,West Bengal,7,35,,Yes,Yes,Yes,Fiber Optic,No,Yes,No,No,Yes,Yes,No,Yes,Month-to-Month,Yes,Bank Withdrawal,99.95,3186.65,0.0,0,1220.16,4406.81,Churned,Competitor,Competitor made better offer,1.0
87090-CHH,Male,63,No,Chhattisgarh,4,3,Deal 5,Yes,No,Yes,DSL,No,No,No,No,No,Yes,Yes,No,Month-to-Month,No,Bank Withdrawal,54.3,195.3,0.0,80,160.6,435.9,Churned,Price,Long distance charges,1.0
65825-JAM,Female,50,Yes,Jammu & Kashmir,0,10,Deal 5,Yes,No,Yes,Fiber Optic,No,No,Yes,No,No,No,No,Yes,Month-to-Month,Yes,Bank Withdrawal,75.75,655.9,0.0,0,285.75,941.65,Churned,Competitor,Competitor made better offer,1.0
57207-ODI,Female,39,Yes,Odisha,0,23,Deal 2,Yes,Yes,Yes,Fiber Optic,No,No,No,No,Yes,Yes,Yes,Yes,Month-to-Month,Yes,Bank Withdrawal,96.8,5283.95,0.0,0,2605.9,7889.85,Churned,Competitor,Competitor offered more data,1.0
55152-TAM,Female,64,No,Tamil Nadu,10,25,,Yes,Yes,Yes,Fiber Optic,Yes,Yes,No,No,No,Yes,No,Yes,One Year,Yes,Credit Card,96.55,6581.9,0.0,0,134.64,6716.54,Churned,Attitude,Attitude of service provider,1.0
51098-DEL,Female,61,Yes,Delhi,9,32,Deal 4,Yes,Yes,Yes,Fiber Optic,No,No,No,No,No,Yes,No,Yes,Month-to-Month,Yes,Credit Card,85.35,1375.15,0.0,0,158.88,1534.03,Churned,Dissatisfaction,Limited range of services,1.0
25957-RAJ,Female,81,Yes,Rajasthan,6,27,,No,,Yes,DSL,No,No,Yes,Yes,No,Yes,No,Yes,Month-to-Month,Yes,Bank Withdrawal,43.65,526.95,0.0,0,0.0,526.95,Churned,Competitor,Competitor had better devices,1.0
43353-GUJ,Female,72,Yes,Gujarat,11,33,,Yes,Yes,Yes,Fiber Optic,No,No,Yes,No,No,Yes,No,Yes,Month-to-Month,Yes,Bank Withdrawal,88.85,372.45,0.0,0,51.44,423.89,Churned,Other,Don't know,1.0
96613-WES,Male,57,No,West Bengal,9,5,,Yes,No,Yes,Fiber Optic,No,No,No,No,No,Yes,Yes,Yes,Month-to-Month,No,Bank Withdrawal,79.9,79.9,0.0,0,23.2,103.1,Churned,Attitude,Attitude of support person,1.0
57456-CHH,Male,72,Yes,Chhattisgarh,15,6,Deal 5,Yes,Yes,Yes,Fiber Optic,No,No,Yes,No,No,No,No,Yes,Month-to-Month,Yes,Bank Withdrawal,78.55,149.55,0.0,0,87.92,237.47,Churned,Competitor,Competitor made better offer,1.0
59209-MAH,Male,31,No,Maharashtra,6,29,Deal 4,Yes,Yes,Yes,Fiber Optic,No,No,Yes,Yes,Yes,Yes,Yes,Yes,Month-to-Month,Yes,Bank Withdrawal,106.1,2249.95,0.0,0,458.43,2708.38,Churned,Price,Long distance charges,1.0
59807-JHA,Female,25,Yes,Jharkhand,14,25,Deal 5,Yes,Yes,Yes,Fiber Optic,No,No,No,No,No,No,No,Yes,Month-to-Month,Yes,Bank Withdrawal,75.5,220.6,0.0,0,142.53,363.13,Churned,Attitude,Attitude of service provider,1.0
76986-BIH,Female,59,Yes,Bihar,9,8,,No,,Yes,DSL,No,Yes,No,No,No,No,No,Yes,Month-to-Month,No,Bank Withdrawal,30.3,1380.1,0.0,0,0.0,1380.1,Churned,Dissatisfaction,Service dissatisfaction,1.0
94704-WES,Female,46,No,West Bengal,10,32,,Yes,Yes,Yes,Fiber Optic,No,Yes,No,No,Yes,Yes,Yes,Yes,Month-to-Month,Yes,Credit Card,98.4,5149.5,0.0,0,2212.22,7361.72,Churned,Price,Extra data charges,1.0
61892-MAH,Female,68,Yes,Maharashtra,4,17,Deal 4,Yes,Yes,Yes,DSL,No,No,No,Yes,No,No,No,Yes,Month-to-Month,No,Credit Card,55.0,757.1,0.0,0,257.85,1014.95,Churned,Other,Don't know,1.0
44514-PUN,Male,62,Yes,Punjab,12,2,Deal 5,No,,Yes,DSL,No,No,No,No,No,No,No,Yes,Month-to-Month,Yes,Bank Withdrawal,24.25,24.25,0.0,0,0.0,24.25,Churned,Dissatisfaction,Lack of self-service on Website,1.0
84710-MAH,Male,29,Yes,Maharashtra,7,23,Deal 4,Yes,Yes,Yes,Fiber Optic,No,No,No,No,Yes,No,No,Yes,Month-to-Month,Yes,Bank Withdrawal,86.05,834.1,0.0,0,59.2,893.3,Churned,Other,Don't know,1.0
33672-JAM,Male,62,Yes,Jammu & Kashmir,9,4,,Yes,Yes,Yes,Fiber Optic,No,Yes,Yes,No,Yes,Yes,Yes,Yes,Month-to-Month,Yes,Bank Withdrawal,103.4,6603.0,0.0,0,3083.85,9686.85,Churned,Competitor,Competitor made better offer,1.0
67394-MAH,Female,61,Yes,Maharashtra,0,30,,Yes,No,No,,,,,,,,,,Month-to-Month,No,Bank Withdrawal,20.05,20.05,0.0,0,12.0,32.05,Churned,Attitude,Attitude of support person,1.0
93446-AND,Male,79,Yes,Andhra Pradesh,15,4,Deal 5,Yes,No,Yes,Fiber Optic,No,No,No,No,No,No,No,Yes,Month-to-Month,Yes,Bank Withdrawal,70.3,70.3,0.0,0,39.1,109.4,Churned,Competitor,Competitor had better devices,1.0
24185-MAH,Female,67,Yes,Maharashtra,5,33,Deal 5,Yes,Yes,Yes,Fiber Optic,No,No,No,No,Yes,Yes,Yes,Yes,Month-to-Month,Yes,Bank Withdrawal,94.3,424.45,0.0,0,198.0,622.45,Churned,Competitor,Competitor made better offer,1.0
12016-TAM,Female,57,Yes,Tamil Nadu,0,9,Deal 5,Yes,No,No,,,,,,,,,,Month-to-Month,No,Mailed Check,20.05,164.85,0.0,0,337.54,502.39,Churned,Other,Moved,1.0
86690-KAR,Female,62,No,Karnataka,8,28,Deal 5,Yes,Yes,Yes,Fiber Optic,No,No,Yes,No,Yes,No,No,Yes,Month-to-Month,No,Bank Withdrawal,91.05,289.1,0.0,0,78.96,368.06,Churned,Competitor,Competitor made better offer,1.0
26902-TEL,Male,52,Yes,Telangana,7,2,,Yes,No,Yes,Fiber Optic,No,No,No,Yes,Yes,Yes,Yes,Yes,Month-to-Month,Yes,Bank Withdrawal,95.85,95.85,0.0,0,2.7,98.55,Joined,,,1.0
21928-KAR,Male,30,Yes,Karnataka,3,36,,Yes,No,Yes,Fiber Optic,No,Yes,No,No,No,No,No,Yes,Month-to-Month,Yes,Bank Withdrawal,74.05,1565.7,0.0,0,106.47,1672.17,Churned,Dissatisfaction,Lack of self-service on Website,1.0
27880-UTT,Male,74,No,Uttar Pradesh,1,25,,Yes,Yes,Yes,Fiber Optic,No,Yes,Yes,No,Yes,Yes,No,Yes,Month-to-Month,Yes,Bank Withdrawal,105.9,334.65,0.0,0,123.9,458.55,Churned,Attitude,Attitude of service provider,1.0
97497-RAJ,Male,24,Yes,Rajasthan,9,8,Deal 5,Yes,No,Yes,DSL,No,Yes,No,No,No,No,No,Yes,Month-to-Month,Yes,Bank Withdrawal,49.9,49.9,0.0,0,6.35,56.25,Joined,,,1.0
59433-BIH,Female,65,No,Bihar,8,29,Deal 5,Yes,No,Yes,Fiber Optic,No,No,No,No,Yes,Yes,No,Yes,Month-to-Month,Yes,Bank Withdrawal,89.3,89.3,0.0,0,30.23,119.53,Churned,Competitor,Competitor had better devices,1.0
22753-KAR,Female,77,No,Karnataka,6,9,,Yes,Yes,Yes,Fiber Optic,Yes,Yes,Yes,Yes,Yes,No,No,Yes,Month-to-Month,Yes,Bank Withdrawal,105.7,3181.8,0.0,0,1004.4,4186.2,Stayed,,,1.0
32063-UTT,Female,63,Yes,Uttar Pradesh,6,31,Deal 5,Yes,No,No,,,,,,,,,,Month-to-Month,Yes,Credit Card,19.0,19.0,0.0,0,28.28,47.28,Joined,,,1.0
96122-TAM,Female,23,No,Tamil Nadu,3,9,,Yes,No,Yes,Fiber Optic,No,Yes,No,No,No,No,No,Yes,Month-to-Month,Yes,Bank Withdrawal,74.55,824.75,0.0,0,59.4,884.15,Churned,Price,Long distance charges,1.0
16556-GUJ,Female,52,No,Gujarat,9,32,,No,,Yes,DSL,No,Yes,No,No,No,No,No,Yes,Month-to-Month,Yes,Bank Withdrawal,30.6,856.35,0.0,0,0.0,856.35,Churned,Dissatisfaction,Product dissatisfaction,1.0
13194-UTT,Female,48,No,Uttarakhand,10,36,Deal 1,Yes,Yes,Yes,Fiber Optic,Yes,Yes,Yes,Yes,Yes,Yes,Yes,No,One Year,No,Credit Card,115.65,7968.85,0.0,10,1201.9,9180.75,Churned,Dissatisfaction,Product dissatisfaction,1.0
16504-HAR,Male,49,Yes,Haryana,12,27,,Yes,No,Yes,Fiber Optic,No,No,No,No,No,No,No,Yes,Month-to-Month,Yes,Bank Withdrawal,69.15,69.15,0.0,0,2.2,71.35,Churned,Competitor,Competitor offered more data,1.0
32507-JAM,Female,44,No,Jammu & Kashmir,6,7,,Yes,No,Yes,Fiber Optic,No,No,Yes,No,Yes,Yes,Yes,Yes,Two Year,Yes,Bank Withdrawal,95.25,5464.65,0.0,0,1000.35,6465.0,Churned,Competitor,Competitor made better offer,1.0
32317-KAR,Female,52,No,Karnataka,13,33,Deal 5,Yes,No,Yes,Cable,No,No,No,No,No,Yes,Yes,Yes,Month-to-Month,No,Bank Withdrawal,80.0,80.0,0.0,0,35.71,115.71,Churned,Competitor,Competitor had better devices,1.0
45339-AND,Female,29,Yes,Andhra Pradesh,11,2,Deal 5,Yes,No,No,,,,,,,,,,Month-to-Month,Yes,Mailed Check,19.8,58.15,0.0,0,45.36,103.51,Churned,Price,Long distance charges,1.0
97003-ODI,Female,28,Yes,Odisha,11,19,,Yes,Yes,Yes,Fiber Optic,No,No,No,Yes,Yes,Yes,Yes,No,Month-to-Month,Yes,Bank Withdrawal,98.5,1058.25,0.0,110,145.3,1313.55,Churned,Competitor,Competitor had better devices,1.0
23155-WES,Female,25,No,West Bengal,10,7,,Yes,No,Yes,Fiber Optic,No,Yes,No,No,No,No,Yes,Yes,Month-to-Month,Yes,Bank Withdrawal,73.85,4092.85,0.0,0,1993.04,6085.89,Churned,Attitude,Attitude of support person,1.0
84843-MAD,Female,57,Yes,Madhya Pradesh,11,8,,Yes,Yes,Yes,Fiber Optic,No,No,No,No,No,No,No,Yes,Month-to-Month,Yes,Bank Withdrawal,75.1,75.1,0.0,0,4.53,79.63,Joined,,,1.0
43920-RAJ,Female,38,No,Rajasthan,9,3,Deal 5,Yes,No,Yes,Cable,Yes,No,No,No,No,No,No,Yes,Month-to-Month,No,Credit Card,49.9,49.9,0.0,0,9.0,58.9,Joined,,,1.0
73444-KER,Female,48,No,Kerala,3,21,,Yes,No,Yes,Fiber Optic,No,No,No,No,Yes,Yes,Yes,Yes,Month-to-Month,Yes,Bank Withdrawal,89.1,89.1,0.0,0,16.06,105.16,Churned,Other,Moved,1.0
71410-PUN,Male,34,Yes,Punjab,0,35,Deal 4,Yes,Yes,Yes,Fiber Optic,No,No,Yes,No,Yes,Yes,Yes,Yes,Month-to-Month,Yes,Bank Withdrawal,98.5,1037.75,0.0,0,10.9,1048.65,Churned,Dissatisfaction,Lack of self-service on Website,1.0
88944-HAR,Female,29,Yes,Haryana,9,31,,Yes,Yes,Yes,Fiber Optic,No,Yes,Yes,No,Yes,Yes,Yes,Yes,Month-to-Month,Yes,Credit Card,102.1,1068.85,0.0,0,320.7,1389.55,Churned,Competitor,Competitor offered higher download speeds,1.0
48939-BIH,Female,38,Yes,Bihar,1,6,,Yes,No,Yes,DSL,No,Yes,No,No,No,No,No,Yes,Month-to-Month,No,Bank Withdrawal,49.95,49.95,0.0,0,44.98,94.93,Joined,,,1.0
